timestamp, utilization.gpu [%], memory.used [MiB]
2026/09/25 02:47:30.842, 43 %, 56 MiB
2026/09/25 02:47:31.844, 19 %, 56 MiB
2026/09/25 02:47:32.844, 19 %, 56 MiB
2026/09/25 02:47:33.845, 42 %, 56 MiB
2026/09/25 02:47:34.845, 42 %, 56 MiB
2026/09/25 02:47:35.845, 19 %, 56 MiB
2026/09/25 02:47:36.845, 41 %, 56 MiB
2026/09/25 02:47:37.845, 43 %, 56 MiB
2026/09/25 02:47:38.845, 19 %, 56 MiB
2026/09/25 02:47:39.846, 19 %, 56 MiB
2026/09/25 02:47:40.846, 42 %, 56 MiB
2026/09/25 02:47:41.846, 42 %, 56 MiB
2026/09/25 02:47:42.846, 19 %, 56 MiB
2026/09/25 02:47:43.846, 19 %, 56 MiB
2026/09/25 02:47:44.847, 42 %, 56 MiB
2026/09/25 02:47:45.847, 23 %, 56 MiB
2026/09/25 02:47:46.847, 19 %, 56 MiB
2026/09/25 02:47:47.847, 42 %, 56 MiB
2026/09/25 02:47:48.847, 42 %, 56 MiB
2026/09/25 02:47:49.848, 19 %, 56 MiB
2026/09/25 02:47:50.848, 19 %, 56 MiB
2026/09/25 02:47:51.848, 42 %, 56 MiB
2026/09/25 02:47:52.850, 42 %, 56 MiB
2026/09/25 02:47:53.850, 19 %, 56 MiB
2026/09/25 02:47:54.850, 41 %, 56 MiB
2026/09/25 02:47:55.850, 42 %, 56 MiB
2026/09/25 02:47:56.850, 19 %, 56 MiB
2026/09/25 02:47:57.851, 19 %, 56 MiB
2026/09/25 02:47:58.851, 42 %, 56 MiB
2026/09/25 02:47:59.851, 42 %, 56 MiB
2026/09/25 02:48:00.851, 19 %, 56 MiB
2026/09/25 02:48:01.851, 41 %, 56 MiB
2026/09/25 02:48:02.852, 43 %, 56 MiB
2026/09/25 02:48:03.852, 19 %, 56 MiB
2026/09/25 02:48:04.852, 19 %, 56 MiB
2026/09/25 02:48:05.852, 42 %, 56 MiB
2026/09/25 02:48:06.852, 42 %, 56 MiB
2026/09/25 02:48:07.852, 19 %, 56 MiB
2026/09/25 02:48:08.853, 40 %, 56 MiB
2026/09/25 02:48:09.853, 42 %, 56 MiB
2026/09/25 02:48:10.853, 19 %, 56 MiB
2026/09/25 02:48:11.853, 19 %, 56 MiB
2026/09/25 02:48:12.853, 42 %, 56 MiB
2026/09/25 02:48:13.854, 43 %, 56 MiB
2026/09/25 02:48:14.854, 19 %, 56 MiB
2026/09/25 02:48:15.854, 19 %, 56 MiB
2026/09/25 02:48:16.854, 43 %, 56 MiB
2026/09/25 02:48:17.854, 43 %, 56 MiB
2026/09/25 02:48:18.855, 19 %, 56 MiB
2026/09/25 02:48:19.855, 41 %, 56 MiB
2026/09/25 02:48:20.855, 42 %, 56 MiB
2026/09/25 02:48:21.855, 19 %, 56 MiB
2026/09/25 02:48:22.855, 19 %, 56 MiB
2026/09/25 02:48:23.855, 43 %, 56 MiB
2026/09/25 02:48:24.856, 43 %, 56 MiB
2026/09/25 02:48:25.856, 19 %, 56 MiB
2026/09/25 02:48:26.856, 19 %, 56 MiB
2026/09/25 02:48:27.856, 43 %, 56 MiB
2026/09/25 02:48:28.856, 43 %, 56 MiB
2026/09/25 02:48:29.857, 19 %, 56 MiB
2026/09/25 02:48:30.857, 41 %, 56 MiB
2026/09/25 02:48:31.857, 42 %, 56 MiB
2026/09/25 02:48:32.857, 23 %, 56 MiB
2026/09/25 02:48:33.857, 19 %, 56 MiB
2026/09/25 02:48:34.857, 42 %, 56 MiB
2026/09/25 02:48:35.858, 42 %, 56 MiB
2026/09/25 02:48:36.858, 19 %, 56 MiB
2026/09/25 02:48:37.858, 19 %, 56 MiB
2026/09/25 02:48:38.858, 42 %, 56 MiB
2026/09/25 02:48:39.858, 42 %, 56 MiB
2026/09/25 02:48:40.858, 19 %, 56 MiB
2026/09/25 02:48:41.859, 39 %, 56 MiB
2026/09/25 02:48:42.859, 42 %, 56 MiB
2026/09/25 02:48:43.859, 19 %, 56 MiB
2026/09/25 02:48:44.859, 19 %, 56 MiB
2026/09/25 02:48:45.859, 42 %, 56 MiB
2026/09/25 02:48:46.860, 43 %, 56 MiB
2026/09/25 02:48:47.860, 19 %, 56 MiB
2026/09/25 02:48:48.860, 41 %, 56 MiB
2026/09/25 02:48:49.860, 43 %, 56 MiB
2026/09/25 02:48:50.860, 19 %, 56 MiB
2026/09/25 02:48:51.860, 19 %, 56 MiB
2026/09/25 02:48:52.861, 42 %, 56 MiB
2026/09/25 02:48:53.861, 42 %, 56 MiB
2026/09/25 02:48:54.861, 19 %, 56 MiB
2026/09/25 02:48:55.861, 41 %, 56 MiB
2026/09/25 02:48:56.861, 42 %, 56 MiB
2026/09/25 02:48:57.862, 19 %, 56 MiB
2026/09/25 02:48:58.862, 19 %, 56 MiB
2026/09/25 02:48:59.862, 42 %, 56 MiB
2026/09/25 02:49:00.862, 22 %, 56 MiB
2026/09/25 02:49:01.862, 19 %, 56 MiB
2026/09/25 02:49:02.863, 42 %, 56 MiB
2026/09/25 02:49:03.863, 42 %, 56 MiB
2026/09/25 02:49:04.863, 19 %, 56 MiB
2026/09/25 02:49:05.863, 19 %, 56 MiB
2026/09/25 02:49:06.863, 42 %, 56 MiB
2026/09/25 02:49:07.863, 43 %, 56 MiB
2026/09/25 02:49:08.864, 19 %, 56 MiB
2026/09/25 02:49:09.864, 19 %, 56 MiB
2026/09/25 02:49:10.864, 42 %, 56 MiB
2026/09/25 02:49:11.864, 23 %, 56 MiB
2026/09/25 02:49:12.864, 19 %, 56 MiB
2026/09/25 02:49:13.865, 43 %, 56 MiB
2026/09/25 02:49:14.865, 43 %, 56 MiB
2026/09/25 02:49:15.865, 34 %, 197 MiB
2026/09/25 02:49:16.865, 18 %, 211 MiB
2026/09/25 02:49:17.865, 40 %, 211 MiB
2026/09/25 02:49:18.865, 98 %, 613 MiB
2026/09/25 02:49:19.866, 100 %, 613 MiB
2026/09/25 02:49:20.866, 100 %, 613 MiB
2026/09/25 02:49:21.866, 100 %, 215 MiB
2026/09/25 02:49:22.866, 17 %, 56 MiB
2026/09/25 02:49:23.866, 17 %, 56 MiB
2026/09/25 02:49:24.867, 17 %, 56 MiB
2026/09/25 02:49:25.867, 19 %, 56 MiB
2026/09/25 02:49:26.867, 19 %, 56 MiB
2026/09/25 02:49:27.867, 42 %, 56 MiB
2026/09/25 02:49:28.867, 42 %, 56 MiB
2026/09/25 02:49:29.867, 19 %, 56 MiB
2026/09/25 02:49:30.868, 39 %, 56 MiB
2026/09/25 02:49:31.868, 42 %, 56 MiB
2026/09/25 02:49:32.868, 23 %, 56 MiB
2026/09/25 02:49:33.868, 19 %, 56 MiB
2026/09/25 02:49:34.868, 42 %, 56 MiB
2026/09/25 02:49:35.868, 43 %, 56 MiB
2026/09/25 02:49:36.869, 19 %, 56 MiB
2026/09/25 02:49:37.869, 19 %, 56 MiB
2026/09/25 02:49:38.869, 42 %, 56 MiB
2026/09/25 02:49:39.869, 42 %, 56 MiB
2026/09/25 02:49:40.869, 19 %, 56 MiB
2026/09/25 02:49:41.870, 19 %, 56 MiB
2026/09/25 02:49:42.870, 43 %, 56 MiB
2026/09/25 02:49:43.870, 43 %, 56 MiB
2026/09/25 02:49:44.870, 19 %, 56 MiB
2026/09/25 02:49:45.870, 41 %, 56 MiB
2026/09/25 02:49:46.870, 43 %, 56 MiB
2026/09/25 02:49:47.871, 19 %, 56 MiB
2026/09/25 02:49:48.871, 19 %, 56 MiB
2026/09/25 02:49:49.871, 42 %, 56 MiB
2026/09/25 02:49:50.872, 42 %, 56 MiB
2026/09/25 02:49:51.872, 19 %, 56 MiB
2026/09/25 02:49:52.872, 19 %, 56 MiB
2026/09/25 02:49:53.872, 42 %, 56 MiB
2026/09/25 02:49:54.873, 42 %, 56 MiB
2026/09/25 02:49:55.873, 19 %, 56 MiB
2026/09/25 02:49:56.873, 41 %, 56 MiB
2026/09/25 02:49:57.873, 42 %, 56 MiB
2026/09/25 02:49:58.873, 19 %, 56 MiB
2026/09/25 02:49:59.874, 19 %, 56 MiB
2026/09/25 02:50:00.874, 43 %, 56 MiB
2026/09/25 02:50:01.874, 43 %, 56 MiB
2026/09/25 02:50:02.874, 19 %, 56 MiB
2026/09/25 02:50:03.874, 39 %, 56 MiB
2026/09/25 02:50:04.874, 42 %, 56 MiB
2026/09/25 02:50:05.875, 19 %, 56 MiB
2026/09/25 02:50:06.875, 19 %, 56 MiB
2026/09/25 02:50:07.875, 42 %, 56 MiB
2026/09/25 02:50:08.875, 42 %, 56 MiB
2026/09/25 02:50:09.875, 19 %, 56 MiB
2026/09/25 02:50:10.875, 41 %, 56 MiB
2026/09/25 02:50:11.876, 42 %, 56 MiB
2026/09/25 02:50:12.876, 19 %, 56 MiB
2026/09/25 02:50:13.876, 19 %, 56 MiB
2026/09/25 02:50:14.876, 42 %, 56 MiB
2026/09/25 02:50:15.876, 42 %, 56 MiB
2026/09/25 02:50:16.876, 19 %, 56 MiB
2026/09/25 02:50:17.877, 43 %, 56 MiB
2026/09/25 02:50:18.877, 42 %, 56 MiB
2026/09/25 02:50:19.877, 19 %, 56 MiB
2026/09/25 02:50:20.877, 19 %, 56 MiB
2026/09/25 02:50:21.877, 42 %, 56 MiB
2026/09/25 02:50:22.877, 42 %, 56 MiB
2026/09/25 02:50:23.878, 19 %, 56 MiB
2026/09/25 02:50:24.878, 19 %, 56 MiB
2026/09/25 02:50:25.878, 42 %, 56 MiB
2026/09/25 02:50:26.878, 42 %, 56 MiB
2026/09/25 02:50:27.878, 19 %, 56 MiB
2026/09/25 02:50:28.879, 42 %, 56 MiB
2026/09/25 02:50:29.879, 42 %, 56 MiB
2026/09/25 02:50:30.879, 19 %, 56 MiB
2026/09/25 02:50:31.879, 19 %, 56 MiB
2026/09/25 02:50:32.879, 42 %, 56 MiB
2026/09/25 02:50:33.879, 42 %, 56 MiB
2026/09/25 02:50:34.880, 19 %, 56 MiB
2026/09/25 02:50:35.880, 19 %, 56 MiB
2026/09/25 02:50:36.880, 42 %, 56 MiB
2026/09/25 02:50:37.880, 42 %, 56 MiB
2026/09/25 02:50:38.880, 19 %, 56 MiB
2026/09/25 02:50:39.880, 19 %, 56 MiB
2026/09/25 02:50:40.881, 42 %, 56 MiB
2026/09/25 02:50:41.881, 42 %, 56 MiB
2026/09/25 02:50:42.881, 19 %, 56 MiB
2026/09/25 02:50:43.881, 43 %, 56 MiB
2026/09/25 02:50:44.881, 42 %, 56 MiB
2026/09/25 02:50:45.881, 19 %, 56 MiB
2026/09/25 02:50:46.882, 19 %, 56 MiB
2026/09/25 02:50:47.888, 42 %, 56 MiB
2026/09/25 02:50:48.888, 42 %, 56 MiB
2026/09/25 02:50:49.888, 19 %, 56 MiB
2026/09/25 02:50:50.888, 19 %, 56 MiB
2026/09/25 02:50:51.888, 42 %, 56 MiB
2026/09/25 02:50:52.889, 42 %, 56 MiB
2026/09/25 02:50:53.889, 19 %, 56 MiB
2026/09/25 02:50:54.889, 42 %, 56 MiB
2026/09/25 02:50:55.889, 42 %, 56 MiB
2026/09/25 02:50:56.889, 19 %, 56 MiB
2026/09/25 02:50:57.889, 19 %, 56 MiB
2026/09/25 02:50:58.890, 42 %, 56 MiB
2026/09/25 02:50:59.890, 42 %, 56 MiB
2026/09/25 02:51:00.890, 19 %, 56 MiB
2026/09/25 02:51:01.890, 19 %, 56 MiB
2026/09/25 02:51:02.891, 42 %, 56 MiB
2026/09/25 02:51:03.891, 19 %, 56 MiB
2026/09/25 02:51:04.891, 19 %, 56 MiB
2026/09/25 02:51:05.891, 42 %, 56 MiB
2026/09/25 02:51:06.891, 42 %, 56 MiB
2026/09/25 02:51:07.892, 19 %, 56 MiB
2026/09/25 02:51:08.892, 19 %, 56 MiB
2026/09/25 02:51:09.892, 43 %, 56 MiB
2026/09/25 02:51:10.892, 19 %, 56 MiB
2026/09/25 02:51:11.892, 19 %, 56 MiB
2026/09/25 02:51:12.893, 42 %, 56 MiB
2026/09/25 02:51:13.893, 42 %, 56 MiB
2026/09/25 02:51:14.893, 19 %, 56 MiB
2026/09/25 02:51:15.894, 42 %, 56 MiB
2026/09/25 02:51:16.894, 42 %, 56 MiB
2026/09/25 02:51:17.894, 19 %, 56 MiB
2026/09/25 02:51:18.895, 19 %, 56 MiB
2026/09/25 02:51:19.895, 42 %, 56 MiB
2026/09/25 02:51:20.895, 43 %, 56 MiB
2026/09/25 02:51:21.895, 19 %, 56 MiB
2026/09/25 02:51:22.896, 19 %, 56 MiB
2026/09/25 02:51:23.896, 42 %, 56 MiB
2026/09/25 02:51:24.896, 42 %, 56 MiB
2026/09/25 02:51:25.896, 19 %, 56 MiB
2026/09/25 02:51:26.897, 19 %, 56 MiB
2026/09/25 02:51:27.897, 42 %, 56 MiB
2026/09/25 02:51:28.897, 42 %, 56 MiB
2026/09/25 02:51:29.897, 19 %, 56 MiB
2026/09/25 02:51:30.897, 42 %, 56 MiB
2026/09/25 02:51:31.898, 42 %, 56 MiB
2026/09/25 02:51:32.898, 19 %, 56 MiB
2026/09/25 02:51:33.898, 19 %, 56 MiB
2026/09/25 02:51:34.898, 42 %, 56 MiB
2026/09/25 02:51:35.898, 43 %, 56 MiB
2026/09/25 02:51:36.898, 19 %, 56 MiB
2026/09/25 02:51:37.899, 19 %, 56 MiB
2026/09/25 02:51:38.899, 42 %, 56 MiB
2026/09/25 02:51:39.899, 42 %, 56 MiB
2026/09/25 02:51:40.899, 19 %, 56 MiB
2026/09/25 02:51:41.899, 43 %, 56 MiB
2026/09/25 02:51:42.900, 42 %, 56 MiB
2026/09/25 02:51:43.900, 19 %, 56 MiB
2026/09/25 02:51:44.900, 19 %, 56 MiB
2026/09/25 02:51:45.900, 42 %, 56 MiB
2026/09/25 02:51:46.900, 42 %, 56 MiB
2026/09/25 02:51:47.900, 19 %, 56 MiB
2026/09/25 02:51:48.901, 19 %, 56 MiB
2026/09/25 02:51:49.901, 42 %, 56 MiB
2026/09/25 02:51:50.901, 42 %, 56 MiB
2026/09/25 02:51:51.901, 19 %, 56 MiB
2026/09/25 02:51:52.901, 19 %, 56 MiB
2026/09/25 02:51:53.902, 42 %, 56 MiB
2026/09/25 02:51:54.902, 19 %, 56 MiB
2026/09/25 02:51:55.902, 19 %, 56 MiB
2026/09/25 02:51:56.902, 42 %, 56 MiB
2026/09/25 02:51:57.902, 42 %, 56 MiB
2026/09/25 02:51:58.902, 19 %, 56 MiB
2026/09/25 02:51:59.903, 19 %, 56 MiB
2026/09/25 02:52:00.903, 42 %, 56 MiB
2026/09/25 02:52:01.903, 19 %, 56 MiB
2026/09/25 02:52:02.903, 19 %, 56 MiB
2026/09/25 02:52:03.903, 43 %, 56 MiB
2026/09/25 02:52:04.904, 42 %, 56 MiB
2026/09/25 02:52:05.904, 19 %, 56 MiB
2026/09/25 02:52:06.904, 19 %, 56 MiB
2026/09/25 02:52:07.904, 42 %, 56 MiB
2026/09/25 02:52:08.904, 19 %, 56 MiB
2026/09/25 02:52:09.905, 19 %, 56 MiB
2026/09/25 02:52:10.905, 42 %, 56 MiB
2026/09/25 02:52:11.905, 42 %, 56 MiB
2026/09/25 02:52:12.905, 19 %, 56 MiB
2026/09/25 02:52:13.905, 19 %, 56 MiB
2026/09/25 02:52:14.905, 42 %, 56 MiB
2026/09/25 02:52:15.906, 42 %, 56 MiB
2026/09/25 02:52:16.906, 19 %, 56 MiB
2026/09/25 02:52:17.906, 42 %, 56 MiB
2026/09/25 02:52:18.906, 42 %, 56 MiB
2026/09/25 02:52:19.906, 19 %, 56 MiB
2026/09/25 02:52:20.907, 19 %, 56 MiB
2026/09/25 02:52:21.907, 42 %, 56 MiB
2026/09/25 02:52:22.907, 43 %, 56 MiB
2026/09/25 02:52:23.907, 19 %, 56 MiB
2026/09/25 02:52:24.907, 19 %, 56 MiB
2026/09/25 02:52:25.907, 42 %, 56 MiB
2026/09/25 02:52:26.908, 42 %, 56 MiB
2026/09/25 02:52:27.908, 19 %, 56 MiB
2026/09/25 02:52:28.908, 43 %, 56 MiB
2026/09/25 02:52:29.908, 42 %, 56 MiB
2026/09/25 02:52:30.908, 19 %, 56 MiB
2026/09/25 02:52:31.908, 19 %, 56 MiB
2026/09/25 02:52:32.909, 42 %, 56 MiB
2026/09/25 02:52:33.909, 42 %, 56 MiB
2026/09/25 02:52:34.909, 19 %, 56 MiB
2026/09/25 02:52:35.909, 19 %, 56 MiB
2026/09/25 02:52:36.909, 42 %, 56 MiB
2026/09/25 02:52:37.909, 42 %, 56 MiB
2026/09/25 02:52:38.910, 19 %, 56 MiB
2026/09/25 02:52:39.910, 19 %, 56 MiB
2026/09/25 02:52:40.910, 42 %, 56 MiB
2026/09/25 02:52:41.910, 19 %, 56 MiB
2026/09/25 02:52:42.910, 19 %, 56 MiB
2026/09/25 02:52:43.910, 42 %, 56 MiB
2026/09/25 02:52:44.911, 43 %, 56 MiB
2026/09/25 02:52:45.911, 19 %, 56 MiB
2026/09/25 02:52:46.911, 19 %, 56 MiB
2026/09/25 02:52:47.911, 42 %, 56 MiB
2026/09/25 02:52:48.911, 42 %, 56 MiB
2026/09/25 02:52:49.911, 19 %, 56 MiB
2026/09/25 02:52:50.912, 19 %, 56 MiB
2026/09/25 02:52:51.912, 42 %, 56 MiB
2026/09/25 02:52:52.912, 19 %, 56 MiB
2026/09/25 02:52:53.912, 19 %, 56 MiB
2026/09/25 02:52:54.912, 43 %, 56 MiB
2026/09/25 02:52:55.912, 42 %, 56 MiB
2026/09/25 02:52:56.913, 19 %, 56 MiB
2026/09/25 02:52:57.913, 19 %, 56 MiB
2026/09/25 02:52:58.913, 42 %, 56 MiB
2026/09/25 02:52:59.913, 42 %, 56 MiB
2026/09/25 02:53:00.913, 19 %, 56 MiB
2026/09/25 02:53:01.913, 19 %, 56 MiB
2026/09/25 02:53:02.914, 42 %, 56 MiB
2026/09/25 02:53:03.914, 19 %, 56 MiB
2026/09/25 02:53:04.914, 19 %, 56 MiB
2026/09/25 02:53:05.914, 42 %, 56 MiB
2026/09/25 02:53:06.914, 42 %, 56 MiB
2026/09/25 02:53:07.914, 19 %, 56 MiB
2026/09/25 02:53:08.915, 19 %, 56 MiB
2026/09/25 02:53:09.915, 42 %, 56 MiB
2026/09/25 02:53:10.915, 42 %, 56 MiB
2026/09/25 02:53:11.915, 19 %, 56 MiB
2026/09/25 02:53:12.915, 42 %, 56 MiB
2026/09/25 02:53:13.915, 42 %, 56 MiB
2026/09/25 02:53:14.916, 19 %, 56 MiB
2026/09/25 02:53:15.916, 19 %, 56 MiB
2026/09/25 02:53:16.916, 42 %, 56 MiB
2026/09/25 02:53:17.916, 42 %, 56 MiB
2026/09/25 02:53:18.916, 19 %, 56 MiB
2026/09/25 02:53:19.917, 19 %, 56 MiB
2026/09/25 02:53:20.917, 43 %, 56 MiB
2026/09/25 02:53:21.917, 19 %, 56 MiB
2026/09/25 02:53:22.917, 19 %, 56 MiB
2026/09/25 02:53:23.917, 42 %, 56 MiB
2026/09/25 02:53:24.918, 42 %, 56 MiB
2026/09/25 02:53:25.918, 19 %, 56 MiB
2026/09/25 02:53:26.918, 19 %, 56 MiB
2026/09/25 02:53:27.919, 42 %, 56 MiB
2026/09/25 02:53:28.919, 42 %, 56 MiB
2026/09/25 02:53:29.919, 19 %, 56 MiB
2026/09/25 02:53:30.919, 42 %, 56 MiB
2026/09/25 02:53:31.919, 42 %, 56 MiB
2026/09/25 02:53:32.920, 19 %, 56 MiB
2026/09/25 02:53:33.920, 19 %, 56 MiB
2026/09/25 02:53:34.920, 42 %, 56 MiB
2026/09/25 02:53:35.920, 42 %, 56 MiB
2026/09/25 02:53:36.920, 19 %, 56 MiB
2026/09/25 02:53:37.921, 19 %, 56 MiB
2026/09/25 02:53:38.921, 42 %, 56 MiB
2026/09/25 02:53:39.921, 42 %, 56 MiB
2026/09/25 02:53:40.921, 19 %, 56 MiB
2026/09/25 02:53:41.921, 42 %, 56 MiB
2026/09/25 02:53:42.922, 42 %, 56 MiB
2026/09/25 02:53:43.928, 19 %, 56 MiB
2026/09/25 02:53:44.928, 19 %, 56 MiB
2026/09/25 02:53:45.928, 42 %, 56 MiB
2026/09/25 02:53:46.928, 43 %, 56 MiB
2026/09/25 02:53:47.928, 19 %, 56 MiB
2026/09/25 02:53:48.929, 42 %, 56 MiB
2026/09/25 02:53:49.929, 43 %, 56 MiB
2026/09/25 02:53:50.929, 19 %, 56 MiB
2026/09/25 02:53:51.929, 19 %, 56 MiB
2026/09/25 02:53:52.929, 42 %, 56 MiB
2026/09/25 02:53:53.929, 19 %, 56 MiB
2026/09/25 02:53:54.930, 19 %, 56 MiB
2026/09/25 02:53:55.930, 42 %, 56 MiB
2026/09/25 02:53:56.930, 43 %, 56 MiB
2026/09/25 02:53:57.930, 19 %, 56 MiB
2026/09/25 02:53:58.930, 19 %, 56 MiB
2026/09/25 02:53:59.931, 42 %, 56 MiB
2026/09/25 02:54:00.931, 19 %, 56 MiB
2026/09/25 02:54:01.931, 19 %, 56 MiB
2026/09/25 02:54:02.931, 42 %, 56 MiB
2026/09/25 02:54:03.931, 42 %, 56 MiB
2026/09/25 02:54:04.932, 19 %, 56 MiB
2026/09/25 02:54:05.932, 41 %, 56 MiB
2026/09/25 02:54:06.932, 43 %, 56 MiB
2026/09/25 02:54:07.932, 22 %, 56 MiB
2026/09/25 02:54:08.933, 19 %, 56 MiB
2026/09/25 02:54:09.933, 41 %, 56 MiB
2026/09/25 02:54:10.933, 41 %, 56 MiB
2026/09/25 02:54:11.933, 19 %, 56 MiB
2026/09/25 02:54:12.934, 19 %, 56 MiB
2026/09/25 02:54:13.934, 41 %, 56 MiB
2026/09/25 02:54:14.934, 41 %, 56 MiB
2026/09/25 02:54:15.934, 18 %, 56 MiB
2026/09/25 02:54:16.934, 18 %, 56 MiB
2026/09/25 02:54:17.935, 41 %, 56 MiB
2026/09/25 02:54:18.935, 22 %, 56 MiB
2026/09/25 02:54:19.937, 18 %, 56 MiB
2026/09/25 02:54:20.937, 42 %, 56 MiB
2026/09/25 02:54:21.937, 43 %, 56 MiB
2026/09/25 02:54:22.939, 19 %, 56 MiB
2026/09/25 02:54:23.939, 19 %, 56 MiB
2026/09/25 02:54:24.939, 43 %, 56 MiB
2026/09/25 02:54:25.939, 43 %, 56 MiB
2026/09/25 02:54:26.940, 19 %, 56 MiB
2026/09/25 02:54:27.945, 41 %, 56 MiB
2026/09/25 02:54:28.946, 42 %, 56 MiB
2026/09/25 02:54:29.946, 19 %, 56 MiB
2026/09/25 02:54:30.946, 19 %, 56 MiB
2026/09/25 02:54:31.946, 42 %, 56 MiB
2026/09/25 02:54:32.946, 43 %, 56 MiB
2026/09/25 02:54:33.947, 19 %, 56 MiB
2026/09/25 02:54:34.947, 19 %, 56 MiB
2026/09/25 02:54:35.947, 43 %, 56 MiB
2026/09/25 02:54:36.947, 43 %, 56 MiB
2026/09/25 02:54:37.947, 19 %, 56 MiB
2026/09/25 02:54:38.948, 41 %, 56 MiB
2026/09/25 02:54:39.948, 42 %, 56 MiB
2026/09/25 02:54:40.948, 19 %, 56 MiB
2026/09/25 02:54:41.948, 19 %, 56 MiB
2026/09/25 02:54:42.948, 42 %, 56 MiB
2026/09/25 02:54:43.949, 42 %, 56 MiB
2026/09/25 02:54:44.949, 19 %, 56 MiB
2026/09/25 02:54:45.949, 19 %, 56 MiB
2026/09/25 02:54:46.949, 42 %, 56 MiB
2026/09/25 02:54:47.949, 23 %, 56 MiB
2026/09/25 02:54:48.949, 19 %, 56 MiB
2026/09/25 02:54:49.950, 42 %, 56 MiB
2026/09/25 02:54:50.950, 42 %, 56 MiB
2026/09/25 02:54:51.950, 19 %, 56 MiB
2026/09/25 02:54:52.950, 19 %, 56 MiB
2026/09/25 02:54:53.951, 43 %, 56 MiB
2026/09/25 02:54:54.951, 22 %, 56 MiB
2026/09/25 02:54:55.951, 19 %, 56 MiB
2026/09/25 02:54:56.951, 43 %, 56 MiB
2026/09/25 02:54:57.952, 43 %, 56 MiB
2026/09/25 02:54:58.952, 19 %, 56 MiB
2026/09/25 02:54:59.952, 19 %, 56 MiB
2026/09/25 02:55:00.952, 43 %, 56 MiB
2026/09/25 02:55:01.952, 19 %, 56 MiB
2026/09/25 02:55:02.953, 19 %, 56 MiB
2026/09/25 02:55:03.953, 43 %, 56 MiB
2026/09/25 02:55:04.953, 43 %, 56 MiB
2026/09/25 02:55:05.953, 19 %, 56 MiB
2026/09/25 02:55:06.953, 19 %, 56 MiB
2026/09/25 02:55:07.954, 42 %, 56 MiB
2026/09/25 02:55:08.954, 23 %, 56 MiB
2026/09/25 02:55:09.954, 19 %, 56 MiB
2026/09/25 02:55:10.954, 42 %, 56 MiB
2026/09/25 02:55:11.954, 42 %, 56 MiB
2026/09/25 02:55:12.955, 19 %, 56 MiB
2026/09/25 02:55:13.955, 19 %, 56 MiB
2026/09/25 02:55:14.955, 42 %, 56 MiB
2026/09/25 02:55:15.955, 43 %, 56 MiB
2026/09/25 02:55:16.955, 19 %, 56 MiB
2026/09/25 02:55:17.957, 19 %, 56 MiB
2026/09/25 02:55:18.957, 43 %, 56 MiB
2026/09/25 02:55:19.957, 22 %, 56 MiB
2026/09/25 02:55:20.958, 19 %, 56 MiB
2026/09/25 02:55:21.958, 43 %, 56 MiB
2026/09/25 02:55:22.958, 43 %, 56 MiB
2026/09/25 02:55:23.958, 19 %, 56 MiB
2026/09/25 02:55:24.958, 19 %, 56 MiB
2026/09/25 02:55:25.959, 43 %, 56 MiB
2026/09/25 02:55:26.959, 43 %, 56 MiB
2026/09/25 02:55:27.959, 19 %, 56 MiB
2026/09/25 02:55:28.965, 19 %, 56 MiB
2026/09/25 02:55:29.966, 43 %, 56 MiB
2026/09/25 02:55:30.966, 22 %, 56 MiB
2026/09/25 02:55:31.966, 19 %, 56 MiB
2026/09/25 02:55:32.966, 42 %, 56 MiB
2026/09/25 02:55:33.968, 43 %, 56 MiB
2026/09/25 02:55:34.968, 19 %, 56 MiB
2026/09/25 02:55:35.971, 19 %, 56 MiB
2026/09/25 02:55:36.971, 42 %, 56 MiB
2026/09/25 02:55:37.971, 42 %, 56 MiB
2026/09/25 02:55:38.972, 19 %, 56 MiB
2026/09/25 02:55:39.972, 41 %, 56 MiB
2026/09/25 02:55:40.972, 42 %, 56 MiB
2026/09/25 02:55:41.972, 19 %, 56 MiB
2026/09/25 02:55:42.972, 19 %, 56 MiB
2026/09/25 02:55:43.973, 42 %, 56 MiB
2026/09/25 02:55:44.973, 43 %, 56 MiB
2026/09/25 02:55:45.973, 19 %, 56 MiB
2026/09/25 02:55:46.973, 19 %, 56 MiB
2026/09/25 02:55:47.973, 43 %, 56 MiB
2026/09/25 02:55:48.973, 43 %, 56 MiB
2026/09/25 02:55:49.974, 19 %, 56 MiB
2026/09/25 02:55:50.974, 41 %, 56 MiB
2026/09/25 02:55:51.974, 42 %, 56 MiB
2026/09/25 02:55:52.974, 19 %, 56 MiB
2026/09/25 02:55:53.975, 19 %, 56 MiB
2026/09/25 02:55:54.975, 43 %, 56 MiB
2026/09/25 02:55:55.975, 43 %, 56 MiB
2026/09/25 02:55:56.975, 19 %, 56 MiB
2026/09/25 02:55:57.975, 19 %, 56 MiB
2026/09/25 02:55:58.976, 42 %, 56 MiB
2026/09/25 02:55:59.976, 19 %, 56 MiB
2026/09/25 02:56:00.976, 19 %, 56 MiB
2026/09/25 02:56:01.976, 42 %, 56 MiB
2026/09/25 02:56:02.976, 42 %, 56 MiB
2026/09/25 02:56:03.977, 19 %, 56 MiB
2026/09/25 02:56:04.977, 41 %, 56 MiB
2026/09/25 02:56:05.977, 42 %, 56 MiB
2026/09/25 02:56:06.978, 19 %, 56 MiB
2026/09/25 02:56:07.978, 19 %, 56 MiB
2026/09/25 02:56:08.979, 43 %, 56 MiB
2026/09/25 02:56:09.979, 42 %, 56 MiB
2026/09/25 02:56:10.979, 19 %, 56 MiB
2026/09/25 02:56:11.979, 41 %, 56 MiB
2026/09/25 02:56:12.979, 42 %, 56 MiB
2026/09/25 02:56:13.980, 19 %, 56 MiB
2026/09/25 02:56:14.980, 19 %, 56 MiB
2026/09/25 02:56:15.980, 43 %, 56 MiB
2026/09/25 02:56:16.980, 42 %, 56 MiB
2026/09/25 02:56:17.981, 19 %, 56 MiB
2026/09/25 02:56:18.981, 41 %, 56 MiB
2026/09/25 02:56:19.981, 43 %, 56 MiB
2026/09/25 02:56:20.981, 19 %, 56 MiB
2026/09/25 02:56:21.981, 19 %, 56 MiB
2026/09/25 02:56:22.981, 43 %, 56 MiB
2026/09/25 02:56:23.982, 43 %, 56 MiB
2026/09/25 02:56:24.982, 19 %, 56 MiB
2026/09/25 02:56:25.982, 19 %, 56 MiB
2026/09/25 02:56:26.982, 42 %, 56 MiB
2026/09/25 02:56:27.982, 42 %, 56 MiB
2026/09/25 02:56:28.983, 19 %, 56 MiB
2026/09/25 02:56:29.983, 39 %, 56 MiB
2026/09/25 02:56:30.983, 42 %, 56 MiB
2026/09/25 02:56:31.983, 23 %, 56 MiB
2026/09/25 02:56:32.983, 19 %, 56 MiB
2026/09/25 02:56:33.984, 42 %, 56 MiB
2026/09/25 02:56:34.984, 43 %, 56 MiB
2026/09/25 02:56:35.984, 19 %, 56 MiB
2026/09/25 02:56:36.984, 19 %, 56 MiB
2026/09/25 02:56:37.984, 42 %, 56 MiB
2026/09/25 02:56:38.985, 42 %, 56 MiB
2026/09/25 02:56:39.985, 19 %, 56 MiB
2026/09/25 02:56:40.985, 19 %, 56 MiB
2026/09/25 02:56:41.985, 43 %, 56 MiB
2026/09/25 02:56:42.985, 22 %, 56 MiB
2026/09/25 02:56:43.986, 19 %, 56 MiB
2026/09/25 02:56:44.986, 43 %, 56 MiB
2026/09/25 02:56:45.986, 43 %, 56 MiB
2026/09/25 02:56:46.986, 19 %, 56 MiB
2026/09/25 02:56:47.986, 19 %, 56 MiB
2026/09/25 02:56:48.986, 43 %, 56 MiB
2026/09/25 02:56:49.987, 42 %, 56 MiB
2026/09/25 02:56:50.987, 19 %, 56 MiB
2026/09/25 02:56:51.987, 40 %, 56 MiB
2026/09/25 02:56:52.987, 42 %, 56 MiB
2026/09/25 02:56:53.987, 19 %, 56 MiB
2026/09/25 02:56:54.988, 19 %, 56 MiB
2026/09/25 02:56:55.988, 42 %, 56 MiB
2026/09/25 02:56:56.988, 42 %, 56 MiB
2026/09/25 02:56:57.988, 19 %, 56 MiB
2026/09/25 02:56:58.988, 41 %, 56 MiB
2026/09/25 02:56:59.988, 42 %, 56 MiB
2026/09/25 02:57:00.989, 19 %, 56 MiB
2026/09/25 02:57:01.989, 19 %, 56 MiB
2026/09/25 02:57:02.989, 42 %, 56 MiB
2026/09/25 02:57:03.989, 23 %, 56 MiB
2026/09/25 02:57:04.989, 19 %, 56 MiB
2026/09/25 02:57:05.989, 43 %, 56 MiB
2026/09/25 02:57:06.990, 43 %, 56 MiB
2026/09/25 02:57:07.990, 19 %, 56 MiB
2026/09/25 02:57:08.990, 19 %, 56 MiB
2026/09/25 02:57:09.990, 43 %, 56 MiB
2026/09/25 02:57:10.990, 22 %, 56 MiB
2026/09/25 02:57:11.991, 19 %, 56 MiB
2026/09/25 02:57:12.991, 43 %, 56 MiB
2026/09/25 02:57:13.991, 43 %, 56 MiB
2026/09/25 02:57:14.991, 19 %, 56 MiB
2026/09/25 02:57:15.992, 19 %, 56 MiB
2026/09/25 02:57:16.992, 42 %, 56 MiB
2026/09/25 02:57:17.992, 42 %, 56 MiB
2026/09/25 02:57:18.992, 19 %, 56 MiB
2026/09/25 02:57:19.992, 19 %, 56 MiB
2026/09/25 02:57:20.992, 42 %, 56 MiB
2026/09/25 02:57:21.993, 23 %, 56 MiB
2026/09/25 02:57:22.993, 19 %, 56 MiB
2026/09/25 02:57:23.993, 42 %, 56 MiB
2026/09/25 02:57:24.993, 43 %, 56 MiB
2026/09/25 02:57:25.993, 19 %, 56 MiB
2026/09/25 02:57:26.994, 19 %, 56 MiB
2026/09/25 02:57:27.994, 43 %, 56 MiB
2026/09/25 02:57:28.994, 43 %, 56 MiB
2026/09/25 02:57:29.994, 19 %, 56 MiB
2026/09/25 02:57:30.994, 42 %, 56 MiB
2026/09/25 02:57:31.995, 42 %, 56 MiB
2026/09/25 02:57:32.995, 19 %, 56 MiB
2026/09/25 02:57:33.995, 19 %, 56 MiB
2026/09/25 02:57:34.995, 42 %, 56 MiB
2026/09/25 02:57:35.995, 42 %, 56 MiB
2026/09/25 02:57:36.996, 19 %, 56 MiB
2026/09/25 02:57:37.996, 19 %, 56 MiB
2026/09/25 02:57:38.996, 42 %, 56 MiB
2026/09/25 02:57:39.996, 42 %, 56 MiB
2026/09/25 02:57:40.996, 19 %, 56 MiB
2026/09/25 02:57:41.997, 42 %, 56 MiB
2026/09/25 02:57:42.997, 42 %, 56 MiB
2026/09/25 02:57:43.997, 19 %, 56 MiB
2026/09/25 02:57:44.997, 19 %, 56 MiB
2026/09/25 02:57:45.997, 42 %, 56 MiB
2026/09/25 02:57:46.997, 42 %, 56 MiB
2026/09/25 02:57:47.998, 19 %, 56 MiB
2026/09/25 02:57:48.998, 19 %, 56 MiB
2026/09/25 02:57:49.998, 42 %, 56 MiB
2026/09/25 02:57:50.998, 19 %, 56 MiB
2026/09/25 02:57:51.998, 19 %, 56 MiB
2026/09/25 02:57:52.999, 42 %, 56 MiB
2026/09/25 02:57:53.999, 42 %, 56 MiB
2026/09/25 02:57:54.999, 19 %, 56 MiB
2026/09/25 02:57:56.000, 19 %, 56 MiB
2026/09/25 02:57:57.000, 42 %, 56 MiB
2026/09/25 02:57:58.000, 19 %, 56 MiB
2026/09/25 02:57:59.000, 19 %, 56 MiB
2026/09/25 02:58:00.000, 42 %, 56 MiB
2026/09/25 02:58:01.001, 42 %, 56 MiB
2026/09/25 02:58:02.001, 19 %, 56 MiB
2026/09/25 02:58:03.001, 19 %, 56 MiB
2026/09/25 02:58:04.001, 42 %, 56 MiB
2026/09/25 02:58:05.001, 19 %, 56 MiB
2026/09/25 02:58:06.002, 19 %, 56 MiB
2026/09/25 02:58:07.002, 42 %, 56 MiB
2026/09/25 02:58:08.002, 19 %, 56 MiB
2026/09/25 02:58:09.003, 19 %, 56 MiB
2026/09/25 02:58:10.003, 42 %, 56 MiB
2026/09/25 02:58:11.003, 42 %, 56 MiB
2026/09/25 02:58:12.003, 19 %, 56 MiB
2026/09/25 02:58:13.003, 19 %, 56 MiB
2026/09/25 02:58:14.004, 42 %, 56 MiB
2026/09/25 02:58:15.004, 42 %, 56 MiB
2026/09/25 02:58:16.004, 19 %, 56 MiB
2026/09/25 02:58:17.004, 42 %, 56 MiB
2026/09/25 02:58:18.004, 42 %, 56 MiB
2026/09/25 02:58:19.005, 19 %, 56 MiB
2026/09/25 02:58:20.005, 19 %, 56 MiB
2026/09/25 02:58:21.005, 42 %, 56 MiB
2026/09/25 02:58:22.005, 42 %, 56 MiB
2026/09/25 02:58:23.005, 19 %, 56 MiB
2026/09/25 02:58:24.006, 19 %, 56 MiB
2026/09/25 02:58:25.006, 42 %, 56 MiB
2026/09/25 02:58:26.006, 42 %, 56 MiB
2026/09/25 02:58:27.006, 19 %, 56 MiB
2026/09/25 02:58:28.006, 42 %, 56 MiB
2026/09/25 02:58:29.006, 42 %, 56 MiB
2026/09/25 02:58:30.007, 19 %, 56 MiB
2026/09/25 02:58:31.007, 19 %, 56 MiB
2026/09/25 02:58:32.007, 42 %, 56 MiB
2026/09/25 02:58:33.007, 42 %, 56 MiB
2026/09/25 02:58:34.007, 19 %, 56 MiB
2026/09/25 02:58:35.007, 19 %, 56 MiB
2026/09/25 02:58:36.008, 43 %, 56 MiB
2026/09/25 02:58:37.008, 19 %, 56 MiB
2026/09/25 02:58:38.008, 19 %, 56 MiB
2026/09/25 02:58:39.008, 42 %, 56 MiB
2026/09/25 02:58:40.008, 43 %, 56 MiB
2026/09/25 02:58:41.009, 19 %, 56 MiB
2026/09/25 02:58:42.009, 19 %, 56 MiB
2026/09/25 02:58:43.009, 42 %, 56 MiB
2026/09/25 02:58:44.009, 42 %, 56 MiB
2026/09/25 02:58:45.009, 19 %, 56 MiB
2026/09/25 02:58:46.009, 42 %, 56 MiB
2026/09/25 02:58:47.010, 42 %, 56 MiB
2026/09/25 02:58:48.010, 19 %, 56 MiB
2026/09/25 02:58:49.010, 19 %, 56 MiB
2026/09/25 02:58:50.010, 42 %, 56 MiB
2026/09/25 02:58:51.010, 42 %, 56 MiB
2026/09/25 02:58:52.010, 19 %, 56 MiB
2026/09/25 02:58:53.011, 19 %, 56 MiB
2026/09/25 02:58:54.011, 42 %, 56 MiB
2026/09/25 02:58:55.011, 19 %, 56 MiB
2026/09/25 02:58:56.011, 19 %, 56 MiB
2026/09/25 02:58:57.011, 42 %, 56 MiB
2026/09/25 02:58:58.012, 42 %, 56 MiB
2026/09/25 02:58:59.012, 19 %, 56 MiB
2026/09/25 02:59:00.012, 19 %, 56 MiB
2026/09/25 02:59:01.012, 42 %, 56 MiB
2026/09/25 02:59:02.012, 19 %, 56 MiB
2026/09/25 02:59:03.013, 19 %, 56 MiB
2026/09/25 02:59:04.013, 43 %, 56 MiB
2026/09/25 02:59:05.019, 42 %, 56 MiB
2026/09/25 02:59:06.019, 19 %, 56 MiB
2026/09/25 02:59:07.019, 42 %, 56 MiB
2026/09/25 02:59:08.019, 42 %, 56 MiB
2026/09/25 02:59:09.019, 19 %, 56 MiB
2026/09/25 02:59:10.020, 19 %, 56 MiB
2026/09/25 02:59:11.020, 43 %, 56 MiB
2026/09/25 02:59:12.020, 19 %, 56 MiB
2026/09/25 02:59:13.020, 19 %, 56 MiB
2026/09/25 02:59:14.020, 42 %, 56 MiB
2026/09/25 02:59:15.020, 42 %, 56 MiB
2026/09/25 02:59:16.021, 19 %, 56 MiB
2026/09/25 02:59:17.021, 19 %, 56 MiB
2026/09/25 02:59:18.021, 42 %, 56 MiB
2026/09/25 02:59:19.021, 42 %, 56 MiB
2026/09/25 02:59:20.021, 19 %, 56 MiB
2026/09/25 02:59:21.021, 19 %, 56 MiB
2026/09/25 02:59:22.022, 42 %, 56 MiB
2026/09/25 02:59:23.022, 19 %, 56 MiB
2026/09/25 02:59:24.022, 19 %, 56 MiB
2026/09/25 02:59:25.022, 42 %, 56 MiB
2026/09/25 02:59:26.022, 41 %, 56 MiB
2026/09/25 02:59:27.022, 19 %, 56 MiB
2026/09/25 02:59:28.023, 19 %, 56 MiB
2026/09/25 02:59:29.023, 42 %, 56 MiB
2026/09/25 02:59:30.023, 41 %, 56 MiB
2026/09/25 02:59:31.023, 19 %, 56 MiB
2026/09/25 02:59:32.023, 19 %, 56 MiB
2026/09/25 02:59:33.023, 41 %, 56 MiB
2026/09/25 02:59:34.024, 19 %, 56 MiB
2026/09/25 02:59:35.024, 19 %, 56 MiB
2026/09/25 02:59:36.024, 43 %, 56 MiB
2026/09/25 02:59:37.024, 43 %, 56 MiB
2026/09/25 02:59:38.024, 19 %, 56 MiB
2026/09/25 02:59:39.024, 19 %, 56 MiB
2026/09/25 02:59:40.025, 42 %, 56 MiB
2026/09/25 02:59:41.025, 19 %, 56 MiB
2026/09/25 02:59:42.025, 19 %, 56 MiB
2026/09/25 02:59:43.025, 42 %, 56 MiB
2026/09/25 02:59:44.026, 42 %, 56 MiB
2026/09/25 02:59:45.026, 19 %, 56 MiB
2026/09/25 02:59:46.026, 19 %, 56 MiB
2026/09/25 02:59:47.026, 42 %, 56 MiB
2026/09/25 02:59:48.027, 42 %, 56 MiB
2026/09/25 02:59:49.027, 19 %, 56 MiB
2026/09/25 02:59:50.027, 19 %, 56 MiB
2026/09/25 02:59:51.027, 42 %, 56 MiB
2026/09/25 02:59:52.028, 19 %, 56 MiB
2026/09/25 02:59:53.028, 19 %, 56 MiB
2026/09/25 02:59:54.030, 42 %, 56 MiB
2026/09/25 02:59:55.030, 42 %, 56 MiB
2026/09/25 02:59:56.030, 19 %, 56 MiB
2026/09/25 02:59:57.030, 18 %, 56 MiB
2026/09/25 02:59:58.030, 41 %, 56 MiB
2026/09/25 02:59:59.031, 18 %, 56 MiB
2026/09/25 03:00:00.031, 18 %, 56 MiB
2026/09/25 03:00:01.031, 42 %, 56 MiB
2026/09/25 03:00:02.031, 42 %, 56 MiB
2026/09/25 03:00:03.031, 19 %, 56 MiB
2026/09/25 03:00:04.032, 19 %, 56 MiB
2026/09/25 03:00:05.032, 42 %, 56 MiB
2026/09/25 03:00:06.032, 19 %, 56 MiB
2026/09/25 03:00:07.032, 19 %, 56 MiB
2026/09/25 03:00:08.032, 42 %, 56 MiB
2026/09/25 03:00:09.033, 42 %, 56 MiB
2026/09/25 03:00:10.033, 19 %, 56 MiB
2026/09/25 03:00:11.033, 42 %, 56 MiB
2026/09/25 03:00:12.033, 42 %, 56 MiB
2026/09/25 03:00:13.033, 19 %, 56 MiB
2026/09/25 03:00:14.033, 19 %, 56 MiB
2026/09/25 03:00:15.034, 42 %, 56 MiB
2026/09/25 03:00:16.034, 42 %, 56 MiB
2026/09/25 03:00:17.034, 19 %, 56 MiB
2026/09/25 03:00:18.034, 19 %, 56 MiB
2026/09/25 03:00:19.034, 42 %, 56 MiB
2026/09/25 03:00:20.035, 42 %, 56 MiB
2026/09/25 03:00:21.035, 19 %, 56 MiB
2026/09/25 03:00:22.035, 42 %, 56 MiB
2026/09/25 03:00:23.035, 43 %, 56 MiB
2026/09/25 03:00:24.035, 19 %, 56 MiB
2026/09/25 03:00:25.035, 19 %, 56 MiB
2026/09/25 03:00:26.036, 42 %, 56 MiB
2026/09/25 03:00:27.036, 43 %, 56 MiB
2026/09/25 03:00:28.036, 19 %, 56 MiB
2026/09/25 03:00:29.036, 19 %, 56 MiB
2026/09/25 03:00:30.036, 43 %, 56 MiB
2026/09/25 03:00:31.037, 19 %, 56 MiB
2026/09/25 03:00:32.037, 19 %, 56 MiB
2026/09/25 03:00:33.037, 42 %, 56 MiB
2026/09/25 03:00:34.037, 43 %, 56 MiB
2026/09/25 03:00:35.037, 19 %, 56 MiB
2026/09/25 03:00:36.037, 19 %, 56 MiB
2026/09/25 03:00:37.038, 42 %, 56 MiB
2026/09/25 03:00:38.038, 42 %, 56 MiB
2026/09/25 03:00:39.038, 19 %, 56 MiB
2026/09/25 03:00:40.038, 42 %, 56 MiB
2026/09/25 03:00:41.038, 42 %, 56 MiB
